-- MySQL dump 10.13  Distrib 5.5.62, for Linux (x86_64)
--
-- Host: localhost    Database: pirates
-- ------------------------------------------------------
-- Server version	5.5.62

/*!40101 SET @OLD_CHARACTER_SET_CLIENT=@@CHARACTER_SET_CLIENT */;
/*!40101 SET @OLD_CHARACTER_SET_RESULTS=@@CHARACTER_SET_RESULTS */;
/*!40101 SET @OLD_COLLATION_CONNECTION=@@COLLATION_CONNECTION */;
/*!40101 SET NAMES utf8 */;
/*!40103 SET @OLD_TIME_ZONE=@@TIME_ZONE */;
/*!40103 SET TIME_ZONE='+00:00' */;
/*!40014 SET @OLD_UNIQUE_CHECKS=@@UNIQUE_CHECKS, UNIQUE_CHECKS=0 */;
/*!40014 SET @OLD_FOREIGN_KEY_CHECKS=@@FOREIGN_KEY_CHECKS, FOREIGN_KEY_CHECKS=0 */;
/*!40101 SET @OLD_SQL_MODE=@@SQL_MODE, SQL_MODE='NO_AUTO_VALUE_ON_ZERO' */;
/*!40111 SET @OLD_SQL_NOTES=@@SQL_NOTES, SQL_NOTES=0 */;

--
-- Table structure for table `Atleta`
--

DROP TABLE IF EXISTS `Atleta`;
/*!40101 SET @saved_cs_client     = @@character_set_client */;
/*!40101 SET character_set_client = utf8 */;
CREATE TABLE `Atleta` (
  `unique_id` int(4) NOT NULL AUTO_INCREMENT,
  `id` int(4) DEFAULT '0',
  `equipe_id` int(3) NOT NULL,
  `nome` varchar(300) DEFAULT NULL,
  `endereco` varchar(300) DEFAULT NULL,
  `categoria` int(11) DEFAULT NULL,
  PRIMARY KEY (`unique_id`)
) ENGINE=InnoDB AUTO_INCREMENT=155 DEFAULT CHARSET=latin1;
/*!40101 SET character_set_client = @saved_cs_client */;

--
-- Dumping data for table `Atleta`
--

LOCK TABLES `Atleta` WRITE;
/*!40000 ALTER TABLE `Atleta` DISABLE KEYS */;
INSERT INTO `Atleta` VALUES (1,62,1,'Sandra Cunha e Silva ',NULL,1),(2,60,1,'Ana Lúcia Silva ',NULL,1),(3,61,1,'Margareth Maldini',NULL,1),(4,122,1,'Luciano Rodrigues de Oliveira ',NULL,2),(5,95,1,'Jorge Murilo Fraga ',NULL,3),(6,87,3,'Edelmar Teles Pinheiro',NULL,3),(7,15,5,'Rodrigo Siqueira de Oliveira',NULL,0),(8,131,5,'Renan Oliveira ',NULL,4),(9,117,5,'Ivo Márcio Ulhig ',NULL,2),(10,54,5,'Solange Ulih ',NULL,1),(12,118,5,'Renato Soares',NULL,2),(13,85,5,'Antonio Aldo Daroz',NULL,3),(14,86,5,'Cláudio Lemke',NULL,3),(15,17,6,'Dionisio Mateus de Souza',NULL,0),(16,19,6,'Harald Bachtold',NULL,0),(17,16,6,'Conrad Bachtold',NULL,0),(18,20,6,'Marcos Camarrata da Costa ',NULL,0),(19,21,6,'Osmar Antonio Gonçalves',NULL,0),(20,23,6,'Rony Hille ',NULL,0),(21,18,6,'Edson Manoel Duarte ',NULL,0),(22,22,6,'Ronaldo Luiz Arndt',NULL,0),(23,88,6,'Carlos Simas Horn ',NULL,3),(24,59,2,'Simone Soares do Carmo',NULL,1),(25,30,2,'Thiago Araújo de Souza ',NULL,0),(26,26,2,'André S. Marinho Queiroz',NULL,0),(27,27,2,'Fábio Viana Gonçalves',NULL,0),(28,121,2,'Sérgio Machado Vieira',NULL,2),(29,120,2,'Marcos Vinicius Petrelli ',NULL,2),(30,92,2,'Carlos Gens de Oliveira ',NULL,3),(31,94,2,'Paulo Rogério Avelar Taboas',NULL,3),(32,93,2,'Hamilton A. do Nascimento',NULL,3),(33,81,4,'Belmiro Amarantes',NULL,3),(34,83,4,'Nobuhilo Watanabe',NULL,3),(35,84,4,'Valdir Olivieri',NULL,3),(36,82,4,'Herotídes Marques Nascimento',NULL,3),(37,51,4,'Mariza Eike Hasegawa',NULL,1),(38,53,4,'Rosa Watanabe ',NULL,1),(39,50,4,'Karina Domiciano',NULL,1),(40,52,4,'Marta Xavier',NULL,1),(41,128,4,'Bryan Reinaldo dos Santos ',NULL,4),(42,129,4,'Luiza Domiciano',NULL,4),(43,130,4,'Nathan Domiciano',NULL,4),(44,116,4,'José Carlos Jordão',NULL,2),(45,115,4,'Jorge Hasegawa',NULL,2),(46,13,4,'Matheus Gonzalez',NULL,0),(47,12,4,'Alexsander Albernardo',NULL,0),(48,14,4,'Welton Henrique Vieira ',NULL,0),(49,80,15,'Sérgio Kobayashi',NULL,3),(50,79,15,'Roberto Kawabe',NULL,3),(51,49,15,'Luisa S. S. Sano',NULL,1),(52,48,15,'Kikue Mitake ',NULL,1),(53,47,15,'Branca Etelvina da Silva ',NULL,1),(54,11,15,'Paulo Shiosi',NULL,0),(55,10,15,'Paulo Roberto Sano',NULL,0),(56,113,15,'Paulo Mitake',NULL,2),(57,114,15,'Silvio da Silva ',NULL,2),(59,31,12,'Luiz Carlos B. de Senna',NULL,0),(60,123,12,'Holavo Salum Cardoso',NULL,2),(61,63,12,'Olga Cougo Cardoso',NULL,1),(62,135,14,'Rayssa Ribeiro Valadares ',NULL,5),(67,110,14,'Jacinto Iwato',NULL,2),(68,112,14,'Valdecir Stucchi Antoniassi',NULL,2),(69,111,14,'José Batista Barbosa',NULL,2),(72,78,14,'Kiratiro Tsuji',NULL,3),(73,76,14,'Francisco de Assis R. da Silva ',NULL,3),(74,75,14,'Francisco Carlos de Oliveira ',NULL,3),(75,74,14,'Celso Mario Mathias',NULL,3),(76,77,14,'Hugo Nozaki',NULL,3),(77,8,8,'Rubens André Carlesso ',NULL,0),(78,9,8,'Selenito Meneghelli',NULL,0),(79,73,8,'Altair Agostinho da Cruz ',NULL,3),(80,7,8,'José Manuel ',NULL,0),(81,71,9,'Paulo Viegas Fraga ',NULL,3),(82,70,9,'Clóvis Fioravanzo ',NULL,3),(83,46,9,'Rosalba Della Flora ',NULL,1),(84,45,9,'Rejane Fraga ',NULL,1),(85,5,9,'Marcelo Benedetti',NULL,0),(86,4,9,'José Fernando Schneider ',NULL,0),(87,107,9,'Mário Ribeiro ',NULL,2),(88,65,7,'Jerusa Vallasky',NULL,1),(89,64,7,'Elvira Zattar Guerra ',NULL,1),(90,138,7,'Henrique Betinelli ',NULL,5),(91,132,7,'Norton Correia ',NULL,4),(93,35,7,'Eder Aparecido Betinelli',NULL,0),(94,38,7,'Marcos Kersten',NULL,0),(95,36,7,'José Carlos Correia ',NULL,0),(96,39,7,'Rodrigo Fettback',NULL,0),(97,33,7,'Amilton Oliveira ',NULL,0),(98,34,7,'Daniel Giovane Colla ',NULL,0),(99,37,7,'Luiz Carlos Aguiar ',NULL,0),(100,124,7,'Edson Silva ',NULL,2),(101,125,7,'Evaldo Gomes ',NULL,2),(102,126,7,'Gabriel Vieira ',NULL,2),(104,98,7,'Silvestre Olegário dos Anjos ',NULL,3),(105,97,7,'Júlio Cesar Bork ',NULL,3),(106,99,7,'Telmo Antonini Schissi ',NULL,3),(107,96,7,'Hélio Valin ',NULL,3),(108,6,13,'Márcio Kasuo Saito',NULL,0),(109,108,13,'Antonio Fernando Bonifácio',NULL,2),(110,109,13,'Carlos Henrique Cordeiro',NULL,2),(111,72,13,'Nagamatsu Saito ',NULL,3),(112,68,10,'Sergio Beal ',NULL,3),(113,67,10,'José Seibel ',NULL,3),(116,66,10,'Francisco Armando D\'avila',NULL,3),(117,43,10,'Ana Seibel ',NULL,1),(118,134,10,'Jose Pedro Besckow Seibel ',NULL,5),(119,1,10,'Cláudio Viegas Júnior ',NULL,0),(120,3,10,'Marlon Alba ',NULL,0),(121,2,10,'Diego Rocha ',NULL,0),(122,101,10,'Enio Petry ',NULL,2),(123,105,10,'Sérgio Paulo Bersano',NULL,2),(124,103,10,'Júlio Willing ',NULL,2),(125,102,10,'Gerson Siqueira ',NULL,2),(126,104,10,'Rogério Scotti do Canto ',NULL,2),(127,106,10,'Wilson Brufatto ',NULL,2),(128,89,11,'Douglas Fonseca ',NULL,3),(129,56,11,'Ivete Vicentine ',NULL,1),(130,55,11,'Carmen Lúcia Gonçalves ',NULL,1),(131,24,11,'Leandro Pocebon ',NULL,0),(132,119,11,'Paulo Renato Rodrigues ',NULL,2),(133,29,2,'Paulo Affonso Cabral Jr',NULL,0),(134,58,2,'Paula Andrea Aversa ',NULL,1),(137,137,1,'Enzo Herzmann',NULL,5),(138,57,18,'Fátima Ortiz ',NULL,1),(139,25,18,'Sebastian Ortiz ',NULL,0),(140,90,18,'Osmar Ortiz ',NULL,3),(141,91,18,'Osvaldo Balletbot',NULL,2),(142,139,19,'Beatriz Ribeiro',NULL,5),(143,41,19,'Tarcisio Luis Gomes',NULL,0),(144,40,19,'Julio Cesar Brum de Almeida',NULL,0),(145,42,19,'Vitor Machado Leonardo',NULL,0),(146,100,19,'Maury Figueira',NULL,3),(147,127,19,'Julio Cesar Alves de Brito',NULL,2),(149,69,10,'Sergio Pinzon',NULL,3),(150,44,9,'Daniela Araújo',NULL,1),(151,32,20,'Fernando Goto',NULL,0),(152,28,2,'Leonardo Dias',NULL,0),(153,140,9,'Sergio Paladino',NULL,2),(154,141,21,'Cláudio Viegas Júnior ',NULL,0);
/*!40000 ALTER TABLE `Atleta` ENABLE KEYS */;
UNLOCK TABLES;

--
-- Table structure for table `Equipe`
--

DROP TABLE IF EXISTS `Equipe`;
/*!40101 SET @saved_cs_client     = @@character_set_client */;
/*!40101 SET character_set_client = utf8 */;
CREATE TABLE `Equipe` (
  `id` int(3) NOT NULL AUTO_INCREMENT,
  `nome` varchar(300) DEFAULT NULL,
  `estado` varchar(2) DEFAULT NULL,
  `endereco` varchar(300) DEFAULT NULL,
  PRIMARY KEY (`id`)
) ENGINE=InnoDB AUTO_INCREMENT=22 DEFAULT CHARSET=latin1;
/*!40101 SET character_set_client = @saved_cs_client */;

--
-- Dumping data for table `Equipe`
--

LOCK TABLES `Equipe` WRITE;
/*!40000 ALTER TABLE `Equipe` DISABLE KEYS */;
/*!40000 ALTER TABLE `Equipe` ENABLE KEYS */;
UNLOCK TABLES;

--
-- Table structure for table `Participantes`
--

DROP TABLE IF EXISTS `Participantes`;
/*!40101 SET @saved_cs_client     = @@character_set_client */;
/*!40101 SET character_set_client = utf8 */;
CREATE TABLE `Participantes` (
  `atleta_id` int(4) NOT NULL,
  `id` int(6) NOT NULL AUTO_INCREMENT,
  `lance_1` decimal(10,2) DEFAULT NULL,
  `lance_2` decimal(10,2) DEFAULT NULL,
  `lance_3` decimal(10,2) DEFAULT NULL,
  `lance_1_real` varchar(10) DEFAULT NULL,
  `lance_2_real` varchar(10) DEFAULT NULL,
  `lance_3_real` varchar(10) DEFAULT NULL,
  `sorteio_lancamento` int(11) DEFAULT NULL,
  `total_pecas_variada` decimal(10,2) DEFAULT NULL,
  `peso_total_variada` decimal(10,2) DEFAULT NULL,
  `maior_peca_variada` decimal(10,2) DEFAULT NULL,
  `nome_maior_peca_variada` varchar(100) DEFAULT NULL,
  `sorteio_1a_etapa_variada` int(11) DEFAULT NULL,
  `sorteio_2a_etapa_variada` int(11) DEFAULT NULL,
  `total_pecas_especifica` decimal(10,2) DEFAULT NULL,
  `peso_total_especifica` decimal(10,2) DEFAULT NULL,
  `maior_peca_especifica` decimal(10,2) DEFAULT NULL,
  `nome_maior_peca_especifica` varchar(100) DEFAULT NULL,
  `sorteio_1a_etapa_especifica` int(11) DEFAULT NULL,
  `sorteio_2a_etapa_especifica` int(11) DEFAULT NULL,
  `cosapyl_lancamento` decimal(10,5) DEFAULT NULL,
  `cosapyl_variada` decimal(10,5) DEFAULT NULL,
  `cosapyl_especifica` decimal(10,5) DEFAULT NULL,
  `posicao_especifica` int(3) DEFAULT NULL,
  `posicao_lancamento` int(3) DEFAULT NULL,
  `posicao_variada` int(3) DEFAULT NULL,
  PRIMARY KEY (`id`)
) ENGINE=InnoDB AUTO_INCREMENT=149 DEFAULT CHARSET=latin1;
/*!40101 SET character_set_client = @saved_cs_client */;

--
-- Dumping data for table `Participantes`
--

LOCK TABLES `Participantes` WRITE;
/*!40000 ALTER TABLE `Participantes` DISABLE KEYS */;
INSERT INTO `Participantes` VALUES (1,1,168.61,147.57,150.48,'168.61','147.57','150.48',5,4.00,428.00,239.00,NULL,27,NULL,5.00,195.00,81.00,NULL,NULL,NULL,36.06660,6.00210,23.02760,21,8,38),(2,2,178.11,149.53,162.79,'178.11','149.53','162.79',14,12.00,945.00,148.00,NULL,38,NULL,5.00,382.00,138.00,NULL,NULL,NULL,38.07410,26.03510,28.04060,16,6,18),(3,3,0.00,0.00,0.00,'FD','FE','FE',39,11.00,976.00,270.00,NULL,2,NULL,4.00,188.00,75.00,NULL,NULL,NULL,0.00000,23.02760,19.01900,25,40,21),(4,4,0.00,197.88,0.00,'FD','197.88','FE',30,7.00,981.00,312.00,NULL,13,NULL,5.00,233.00,84.00,NULL,NULL,NULL,21.02310,15.01200,25.03250,19,23,29),(5,5,0.00,149.41,136.41,'FE','149.41','136.41',33,4.00,224.00,82.00,NULL,28,NULL,3.00,373.00,228.00,NULL,NULL,NULL,24.03000,5.00150,18.01710,26,20,39),(6,6,208.78,0.00,0.00,'208.78','FD','FE',28,13.00,977.00,269.00,NULL,24,NULL,8.00,531.00,107.00,NULL,NULL,NULL,22.02530,27.03780,36.06660,8,22,17),(7,7,0.00,0.00,0.00,'ARR','FD','ARR',3,16.00,1625.00,220.00,NULL,6,NULL,6.00,217.00,77.00,NULL,NULL,NULL,0.00000,33.05610,29.04350,15,43,11),(8,8,186.28,0.00,156.30,'186.28','ARR','156.30',38,20.00,1357.00,228.00,NULL,36,NULL,3.00,175.00,104.00,NULL,NULL,NULL,29.04350,39.07800,12.00780,32,15,5),(9,9,168.71,146.48,160.21,'168.71','146.48','160.21',1,20.00,1389.00,159.00,NULL,40,NULL,6.00,461.00,158.00,NULL,NULL,NULL,37.07030,40.08200,31.04960,13,7,4),(10,10,152.67,142.27,145.94,'152.67','142.27','145.94',16,9.00,902.00,277.00,NULL,21,NULL,9.00,622.00,119.00,NULL,NULL,NULL,35.06300,18.01710,38.07410,6,9,26),(11,11,155.25,0.00,0.00,'155.25','FD','FD',20,9.00,470.00,129.00,NULL,37,NULL,3.00,261.00,95.00,NULL,NULL,NULL,12.00780,14.01050,16.01360,28,32,30),(12,12,175.45,0.00,0.00,'175.45','FE','FD',31,10.00,845.00,164.00,NULL,16,NULL,2.00,159.00,106.00,NULL,NULL,NULL,16.01360,19.01900,9.00450,35,28,25),(13,13,195.66,166.25,173.80,'195.66','166.25','173.80',11,11.00,984.00,178.00,NULL,26,NULL,3.00,171.00,89.00,NULL,NULL,NULL,39.07800,24.03000,11.00660,33,5,20),(14,14,109.28,123.13,112.29,'109.28','123.13','112.29',27,1.00,79.00,79.00,NULL,20,NULL,1.00,94.00,94.00,NULL,NULL,NULL,30.04650,4.00100,6.00210,38,14,40),(15,15,0.00,0.00,145.41,'ARR','FD','145.41',40,8.00,574.00,137.00,NULL,25,NULL,8.00,278.00,82.00,NULL,NULL,NULL,11.00660,13.00910,32.05280,12,33,31),(16,16,0.00,0.00,0.00,'ARR','ARR','FD',34,11.00,786.00,165.00,NULL,23,NULL,3.00,220.00,112.00,NULL,NULL,NULL,0.00000,21.02310,14.01050,30,42,23),(17,17,0.00,183.13,0.00,'FD','183.13','FE',24,22.00,1994.00,212.00,NULL,34,NULL,9.00,832.00,148.00,NULL,NULL,NULL,18.01710,43.09460,43.09460,1,26,1),(18,18,0.00,0.00,96.75,'FD','FD','96.75',26,14.00,1020.00,122.00,NULL,5,NULL,4.00,233.00,83.00,NULL,NULL,NULL,9.00450,30.04650,21.02310,23,35,14),(19,19,91.05,73.01,112.40,'91.05','73.01','112.40',32,16.00,1299.00,157.00,NULL,9,NULL,3.00,213.00,89.00,NULL,NULL,NULL,23.02760,32.05280,13.00910,31,21,12),(20,20,0.00,0.00,0.00,'FD','FD','FE',12,18.00,1680.00,218.00,NULL,7,NULL,4.00,218.00,102.00,NULL,NULL,NULL,0.00000,37.07030,20.02100,24,36,7),(21,21,0.00,0.00,0.00,'FD','FD','FE',9,13.00,1199.00,222.00,NULL,3,NULL,2.00,110.00,88.00,NULL,NULL,NULL,0.00000,29.04350,7.00280,37,38,15),(22,22,168.78,0.00,0.00,'168.78','FE','FE',42,10.00,854.00,130.00,NULL,11,NULL,8.00,774.00,156.00,NULL,NULL,NULL,15.01200,20.02100,37.07030,7,29,24),(23,23,0.00,171.26,153.96,'NULO','171.26','153.96',35,6.00,467.00,132.00,NULL,30,NULL,5.00,343.00,86.00,NULL,NULL,NULL,27.03780,9.00450,26.03510,18,17,35),(24,24,0.00,142.56,0.00,'FE','142.56','FE',10,7.00,574.00,150.00,NULL,4,NULL,3.00,108.00,48.00,NULL,NULL,NULL,10.00550,11.00660,10.00550,34,34,33),(25,25,0.00,0.00,0.00,'FE','FD','FD',15,6.00,622.00,165.00,NULL,33,NULL,0.00,0.00,0.00,NULL,NULL,NULL,0.00000,10.00550,0.00000,40,41,34),(26,26,199.34,0.00,176.85,'199.34','ARR','176.85',36,9.00,655.00,146.00,NULL,31,NULL,3.00,246.00,97.00,NULL,NULL,NULL,33.05610,16.01360,15.01200,29,11,28),(27,27,0.00,0.00,165.27,'FD','FD','165.27',19,5.00,393.00,164.00,NULL,29,NULL,2.00,145.00,119.00,NULL,NULL,NULL,14.01050,7.00280,8.00360,36,30,37),(28,28,0.00,91.17,103.21,'FD','91.17','103.21',21,8.00,480.00,109.00,NULL,18,NULL,6.00,229.00,114.00,NULL,NULL,NULL,20.02100,12.00780,30.04650,14,24,32),(29,29,188.24,185.04,0.00,'188.24','185.04','FE',18,13.00,1092.00,157.00,NULL,15,NULL,10.00,404.00,103.00,NULL,NULL,NULL,32.05280,28.04060,40.08200,4,12,16),(30,30,159.29,0.00,0.00,'159.29','FD','FE',6,18.00,1556.00,314.00,NULL,35,NULL,3.00,290.00,167.00,NULL,NULL,NULL,13.00910,36.06660,17.01530,27,31,8),(31,31,0.00,0.00,0.00,'ARR','FD','FD',13,5.00,482.00,199.00,NULL,10,NULL,0.00,0.00,0.00,NULL,NULL,NULL,0.00000,8.00360,0.00000,39,37,36),(32,32,175.71,164.22,0.00,'175.71','164.22','FD',7,9.00,659.00,193.00,NULL,22,NULL,7.00,530.00,192.00,NULL,NULL,NULL,28.04060,17.01530,34.05950,10,16,27),(33,33,184.00,0.00,0.00,'184.00','FD','FD',23,21.00,1809.00,173.00,NULL,32,NULL,4.00,270.00,120.00,NULL,NULL,NULL,19.01900,42.09030,22.02530,22,25,2),(34,34,193.74,179.60,166.56,'193.74','179.60','166.56',17,0.00,0.00,0.00,NULL,150,NULL,0.00,0.00,0.00,NULL,NULL,NULL,41.08610,0.00000,0.00000,42,3,42),(35,35,0.00,179.61,0.00,'FD','179.61','FD',29,20.00,1683.00,243.00,NULL,19,NULL,7.00,581.00,159.00,NULL,NULL,NULL,17.01530,41.08610,35.06300,9,27,3),(36,36,164.44,155.42,0.00,'164.44','155.42','ARR',22,17.00,1520.00,240.00,NULL,17,NULL,6.00,710.00,266.00,NULL,NULL,NULL,25.03250,35.06300,33.05610,11,19,9),(37,37,200.17,185.10,173.91,'200.17','185.10','173.91',2,12.00,762.00,145.00,NULL,12,NULL,10.00,560.00,114.00,NULL,NULL,NULL,43.09460,25.03250,42.09030,2,1,19),(38,38,0.00,195.05,160.71,'FD','195.05','160.71',37,0.00,0.00,0.00,NULL,151,NULL,0.00,0.00,0.00,NULL,NULL,NULL,31.04960,0.00000,0.00000,41,13,41),(39,39,194.73,179.19,165.78,'194.73','179.19','165.78',8,18.00,1300.00,204.00,NULL,14,NULL,4.00,427.00,202.00,NULL,NULL,NULL,40.08200,34.05950,24.03000,20,4,10),(40,40,194.28,190.83,158.99,'194.28','190.83','158.99',25,11.00,915.00,235.00,NULL,39,NULL,9.00,659.00,104.00,NULL,NULL,NULL,42.09030,22.02530,39.07800,5,2,22),(41,41,187.84,135.79,0.00,'187.84','135.79','FD',4,15.00,1062.00,212.00,NULL,8,NULL,10.00,409.00,103.00,NULL,NULL,NULL,26.03510,31.04960,41.08610,3,18,13),(42,42,209.72,177.03,0.00,'209.72','177.03','FD',41,19.00,1460.00,152.00,NULL,1,NULL,5.00,368.00,109.00,NULL,NULL,NULL,34.05950,38.07410,27.03780,17,10,6),(43,43,0.00,39.68,46.52,'ARR','39.68','46.52',123,2.00,140.00,109.00,NULL,99,NULL,0.00,0.00,0.00,NULL,NULL,NULL,2.00030,5.00150,0.00000,19,22,19),(44,44,93.28,85.77,42.50,'93.28','85.77','42.50',126,17.00,1020.00,151.00,NULL,98,NULL,10.00,605.00,120.00,NULL,NULL,NULL,6.00210,22.02530,20.02100,4,18,2),(45,45,111.70,95.49,103.31,'111.70','95.49','103.31',121,2.00,189.00,104.00,NULL,90,NULL,3.00,176.00,82.00,NULL,NULL,NULL,20.02100,6.00210,8.00360,16,4,18),(46,46,112.58,96.22,98.77,'112.58','96.22','98.77',108,12.00,767.00,182.00,NULL,83,NULL,6.00,352.00,98.00,NULL,NULL,NULL,18.01710,18.01710,15.01200,9,6,6),(47,47,119.56,115.00,102.95,'119.56','115.00','102.95',106,13.00,1465.00,311.00,NULL,96,NULL,14.00,696.00,102.00,NULL,NULL,NULL,21.02310,21.02310,23.02760,1,3,3),(48,48,115.34,102.74,0.00,'115.34','102.74','FD',120,8.00,636.00,137.00,NULL,103,NULL,5.00,260.00,78.00,NULL,NULL,NULL,5.00150,16.01360,12.00780,12,19,8),(49,49,113.44,104.46,89.89,'113.44','104.46','89.89',115,18.00,1244.00,264.00,NULL,87,NULL,8.00,400.00,98.00,NULL,NULL,NULL,19.01900,23.02760,18.01710,6,5,1),(50,50,0.00,139.04,131.50,'FD','139.04','131.50',116,15.00,993.00,232.00,NULL,93,NULL,3.00,173.00,90.00,NULL,NULL,NULL,12.00780,20.02100,7.00280,17,12,4),(51,51,102.38,94.20,78.45,'102.38','94.20','78.45',112,6.00,372.00,170.00,NULL,102,NULL,6.00,346.00,94.00,NULL,NULL,NULL,14.01050,12.00780,14.01050,10,10,12),(52,52,81.88,0.00,90.79,'81.88','FD','90.79',127,5.00,316.00,104.00,NULL,89,NULL,4.00,172.00,94.00,NULL,NULL,NULL,4.00100,7.00280,10.00550,14,20,17),(53,53,90.54,82.60,104.88,'90.54','82.60','104.88',107,6.00,446.00,148.00,NULL,85,NULL,13.00,704.00,88.00,NULL,NULL,NULL,15.01200,14.01050,22.02530,2,9,10),(54,54,76.99,105.57,80.49,'76.99','105.57','80.49',122,6.00,413.00,132.00,NULL,92,NULL,13.00,601.00,91.00,NULL,NULL,NULL,11.00660,13.00910,21.02310,3,13,11),(55,55,0.00,0.00,0.00,'FE','FD','NULO',110,5.00,445.00,277.00,NULL,100,NULL,3.00,312.00,200.00,NULL,NULL,NULL,0.00000,10.00550,9.00450,15,23,14),(56,56,123.37,0.00,111.22,'123.37','FD','111.22',113,0.00,0.00,0.00,NULL,84,NULL,0.00,0.00,0.00,NULL,NULL,NULL,7.00280,0.00000,0.00000,20,17,20),(57,57,130.21,122.10,0.00,'130.21','122.10','FD',119,0.00,0.00,0.00,NULL,94,NULL,0.00,0.00,0.00,NULL,NULL,NULL,9.00450,0.00000,0.00000,21,15,21),(58,58,89.40,99.64,82.82,'89.40','99.64','82.82',124,0.00,0.00,0.00,NULL,97,NULL,0.00,0.00,0.00,NULL,NULL,NULL,13.00910,0.00000,0.00000,23,11,23),(59,59,120.25,109.49,110.24,'120.25','109.49','110.24   ',125,5.00,338.00,123.00,NULL,101,NULL,4.00,202.00,92.00,NULL,NULL,NULL,22.02530,8.00360,11.00660,13,2,16),(60,60,108.10,87.55,90.82,'108.10','87.55','90.82',117,8.00,576.00,133.00,NULL,82,NULL,7.00,721.00,279.00,NULL,NULL,NULL,16.01360,15.01200,19.01900,5,8,9),(61,61,100.26,101.40,101.50,'100.26','101.40','101.50',114,5.00,420.00,175.00,NULL,86,NULL,7.00,324.00,99.00,NULL,NULL,NULL,17.01530,9.00450,16.01360,8,7,15),(62,62,89.54,82.93,82.11,'89.54','82.93','82.11',105,13.00,1083.00,267.00,NULL,91,NULL,7.00,440.00,90.00,NULL,NULL,NULL,10.00550,19.01900,17.01530,7,14,5),(63,63,88.92,0.00,0.00,'88.92','FD','FD',111,6.00,359.00,100.00,NULL,88,NULL,2.00,105.00,63.00,NULL,NULL,NULL,3.00060,11.00660,6.00210,18,21,13),(64,64,106.85,38.80,92.61,'106.85','38.80','92.61',109,0.00,0.00,0.00,NULL,95,NULL,0.00,0.00,0.00,NULL,NULL,NULL,8.00360,0.00000,0.00000,22,16,22),(65,65,131.82,125.94,99.02,'131.82','125.94','99.02',118,9.00,487.00,108.00,NULL,81,NULL,5.00,319.00,107.00,NULL,NULL,NULL,23.02760,17.01530,13.00910,11,1,7),(66,66,155.34,140.12,0.00,'155.34','140.12','FD',101,6.00,430.00,148.00,NULL,58,NULL,6.00,396.00,116.00,NULL,NULL,NULL,16.01360,11.00660,23.02760,12,19,24),(67,67,0.00,0.00,0.00,'FD','FD','FD',99,2.00,142.00,91.00,NULL,54,NULL,3.00,236.00,95.00,NULL,NULL,NULL,0.00000,3.00060,12.00780,23,33,32),(68,68,173.93,170.02,0.00,'173.93','170.02','FD',86,6.00,334.00,102.00,NULL,71,NULL,3.00,73.00,42.00,NULL,NULL,NULL,23.02760,9.00450,7.00280,28,12,26),(69,69,95.65,84.66,61.24,'95.65','84.66','61.24',100,2.00,113.00,74.00,NULL,60,NULL,4.00,165.00,58.00,NULL,NULL,NULL,8.00360,2.00030,13.00910,22,27,33),(70,70,149.85,141.58,0.00,'149.85','141.58','FD',83,9.00,708.00,141.00,NULL,62,NULL,2.00,90.00,61.00,NULL,NULL,NULL,14.01050,20.02100,4.00100,31,21,15),(71,71,158.65,159.63,0.00,'158.65','159.63','FD',82,5.00,345.00,126.00,NULL,66,NULL,2.00,152.00,102.00,NULL,NULL,NULL,19.01900,8.00360,6.00210,29,16,27),(72,72,125.42,121.60,110.21,'125.42','121.60','110.21',73,15.00,937.00,133.00,NULL,69,NULL,9.00,439.00,103.00,NULL,NULL,NULL,24.03000,31.04960,30.04650,5,11,4),(73,73,139.35,134.42,124.75,'139.35','134.42','124.75',95,23.00,1831.00,146.00,NULL,61,NULL,8.00,637.00,173.00,NULL,NULL,NULL,26.03510,34.05950,28.04060,7,9,1),(74,74,159.09,0.00,142.40,'159.09','FE','142.40',75,10.00,667.00,130.00,NULL,63,NULL,4.00,229.00,100.00,NULL,NULL,NULL,18.01710,22.02530,15.01200,20,17,13),(75,75,162.69,157.85,121.68,'162.69','157.85','121.68',79,8.00,760.00,192.00,NULL,48,NULL,10.00,835.00,197.00,NULL,NULL,NULL,28.04060,17.01530,34.05950,1,7,18),(76,76,0.00,146.44,142.11,'FD','146.44','142.11',96,10.00,711.00,134.00,NULL,68,NULL,7.00,413.00,142.00,NULL,NULL,NULL,12.00780,23.02760,27.03780,8,23,12),(77,77,0.00,138.62,137.20,'FD','138.62','137.20',103,12.00,904.00,126.00,NULL,65,NULL,5.00,212.00,68.00,NULL,NULL,NULL,10.00550,28.04060,19.01900,16,25,7),(78,78,139.25,141.80,0.00,'139.25','141.80','FE',90,7.00,544.00,152.00,NULL,55,NULL,4.00,272.00,112.00,NULL,NULL,NULL,11.00660,13.00910,17.01530,18,24,22),(79,79,0.00,0.00,0.00,'NL','NL','NL',78,19.00,1433.00,153.00,NULL,70,NULL,7.00,383.00,188.00,NULL,NULL,NULL,0.00000,33.05610,26.03510,9,34,2),(80,80,106.03,89.35,101.14,'106.03','89.35','101.14',71,10.00,781.00,193.00,NULL,76,NULL,3.00,178.00,78.00,NULL,NULL,NULL,17.01530,24.03000,8.00360,27,18,11),(81,81,126.36,119.42,126.93,'126.36','119.42','126.93',88,8.00,760.00,289.00,NULL,73,NULL,4.00,217.00,126.00,NULL,NULL,NULL,25.03250,18.01710,14.01050,21,10,17),(82,82,175.82,171.60,166.00,'175.82','171.60','166.00',84,6.00,414.00,170.00,NULL,79,NULL,6.00,480.00,112.00,NULL,NULL,NULL,34.05950,10.00550,25.03250,10,1,25),(83,83,105.93,0.00,106.34,'105.93','FD','106.34',85,9.00,556.00,118.00,NULL,77,NULL,4.00,240.00,105.00,NULL,NULL,NULL,7.00280,19.01900,16.01360,19,28,16),(84,84,186.47,159.40,164.90,'186.47','159.40','164.90',94,10.00,867.00,160.00,NULL,72,NULL,3.00,181.00,94.00,NULL,NULL,NULL,33.05610,25.03250,9.00450,26,2,10),(85,85,135.67,0.00,0.00,'135.67','FD','FD',97,10.00,881.00,163.00,NULL,57,NULL,9.00,679.00,259.00,NULL,NULL,NULL,3.00060,26.03510,32.05280,3,32,9),(86,86,107.49,97.23,84.29,'107.49','97.23','84.29',74,9.00,498.00,107.00,NULL,75,NULL,5.00,265.00,83.00,NULL,NULL,NULL,13.00910,16.01360,20.02100,15,22,19),(87,87,164.88,151.60,154.97,'164.88','151.60','154.97',72,3.00,203.00,105.00,NULL,74,NULL,1.00,101.00,101.00,NULL,NULL,NULL,31.04960,5.00150,2.00030,33,4,30),(88,88,150.96,0.00,NULL,'150.96','FE','FE',102,6.00,474.00,117.00,NULL,67,NULL,2.00,100.00,65.00,NULL,NULL,NULL,5.00150,12.00780,5.00150,30,30,23),(89,89,0.00,166.70,164.67,'FD','166.70','164.67',92,0.00,0.00,0.00,NULL,50,NULL,0.00,0.00,0.00,NULL,NULL,NULL,22.02530,0.00000,0.00000,34,13,34),(90,90,167.59,0.00,154.40,'167.59','FD','154.40',80,3.00,298.00,126.00,NULL,53,NULL,6.00,439.00,94.00,NULL,NULL,NULL,20.02100,6.00210,24.03000,11,15,29),(91,91,158.54,142.78,131.70,'158.54','142.78','131.70',50,3.00,234.00,133.00,NULL,110,NULL,2.00,125.00,83.00,NULL,NULL,NULL,26.03510,1.00010,4.00100,26,4,29),(92,92,139.63,138.55,124.85,'139.63','138.55','124.85',104,10.00,510.00,100.00,NULL,80,NULL,5.00,302.00,92.00,NULL,NULL,NULL,27.03780,21.02310,21.02310,14,8,14),(93,93,155.56,0.00,137.71,'155.56','FD','137.71',87,8.00,630.00,167.00,NULL,59,NULL,3.00,221.00,94.00,NULL,NULL,NULL,15.01200,15.01200,11.00660,24,20,20),(94,94,158.71,149.60,139.48,'158.71','149.60','139.48',89,18.00,1265.00,151.00,NULL,78,NULL,9.00,517.00,112.00,NULL,NULL,NULL,29.04350,32.05280,31.04960,4,6,3),(95,95,168.26,162.42,0.00,'168.26','162.42','ARR',98,13.00,891.00,125.00,NULL,64,NULL,3.00,185.00,81.00,NULL,NULL,NULL,21.02310,29.04350,10.00550,25,14,6),(96,96,0.00,0.00,141.18,'FD','FD','141.18',93,2.00,182.00,134.00,NULL,49,NULL,2.00,86.00,68.00,NULL,NULL,NULL,4.00100,4.00100,3.00060,32,31,31),(97,97,168.05,153.15,148.59,'168.05','153.15','148.59',76,4.00,273.00,119.00,NULL,51,NULL,4.00,344.00,132.00,NULL,NULL,NULL,30.04650,7.00280,18.01710,17,5,28),(98,98,167.12,167.19,150.80,'167.12','167.19','150.80',81,13.00,980.00,205.00,NULL,56,NULL,10.00,585.00,125.00,NULL,NULL,NULL,32.05280,30.04650,33.05610,2,3,5),(99,99,189.96,0.00,0.00,'189.96','FD','FD',91,12.00,758.00,132.00,NULL,47,NULL,6.00,298.00,113.00,NULL,NULL,NULL,6.00210,27.03780,22.02530,13,29,8),(100,100,119.15,0.00,125.90,'119.15','FD','125.90',77,9.00,294.00,160.00,NULL,52,NULL,8.00,648.00,153.00,NULL,NULL,NULL,9.00450,14.01050,29.04350,6,26,21),(101,101,0.00,87.45,80.06,'FD','87.45','80.06',44,10.00,557.00,99.00,NULL,126,NULL,5.00,300.00,93.00,NULL,NULL,NULL,10.00550,11.00660,14.01050,16,20,19),(102,102,153.35,126.52,0.00,'153.35','126.52','FE',48,6.00,861.00,410.00,NULL,131,NULL,12.00,550.00,98.00,NULL,NULL,NULL,18.01710,6.00210,23.02760,7,12,24),(103,103,116.34,108.15,92.20,'116.34','108.15','92.20',62,9.00,859.00,285.00,NULL,122,NULL,5.00,262.00,88.00,NULL,NULL,NULL,23.02760,12.00780,12.00780,18,7,18),(104,104,188.07,157.23,151.00,'188.07','157.23','151.00',55,9.00,608.00,112.00,NULL,108,NULL,4.00,661.00,440.00,NULL,NULL,NULL,28.04060,9.00450,15.01200,15,2,21),(105,105,132.27,0.00,108.81,'132.27','FD','108.81',57,7.00,413.00,107.00,NULL,105,NULL,8.00,466.00,131.00,NULL,NULL,NULL,12.00780,5.00150,21.02310,9,18,25),(106,106,92.10,87.89,82.42,'92.10','87.89','82.42',51,5.00,343.00,107.00,NULL,113,NULL,0.00,0.00,0.00,NULL,NULL,NULL,16.01360,4.00100,0.00000,28,14,26),(107,107,0.00,0.00,100.33,'FD','FD','100.33',49,9.00,569.00,127.00,NULL,115,NULL,3.00,199.00,82.00,NULL,NULL,NULL,3.00060,8.00360,6.00210,24,27,22),(108,108,166.23,138.43,137.73,'166.23','138.43','137.73',52,17.00,1550.00,267.00,NULL,106,NULL,6.00,387.00,114.00,NULL,NULL,NULL,27.03780,24.03000,17.01530,13,3,6),(109,109,0.00,0.00,0.00,'FE','FE','FE',67,16.00,1161.00,243.00,NULL,128,NULL,5.00,210.00,82.00,NULL,NULL,NULL,0.00000,22.02530,11.00660,19,29,8),(110,110,0.00,155.54,0.00,'FD','155.54','FD',66,10.00,822.00,191.00,NULL,116,NULL,5.00,272.00,100.00,NULL,NULL,NULL,9.00450,14.01050,13.00910,17,21,16),(111,111,0.00,110.15,109.78,'FD','110.15','109.78',47,12.00,729.00,163.00,NULL,118,NULL,6.00,280.00,93.00,NULL,NULL,NULL,11.00660,15.01200,16.01360,14,19,15),(112,112,0.00,132.31,0.00,'FD','132.31','FD',45,15.00,1007.00,266.00,NULL,104,NULL,12.00,666.00,138.00,NULL,NULL,NULL,4.00100,21.02310,25.03250,5,26,9),(113,113,136.72,109.59,0.00,'136.72','109.59','FD',63,20.00,1390.00,233.00,NULL,121,NULL,8.00,317.00,120.00,NULL,NULL,NULL,13.00910,25.03250,20.02100,10,17,5),(114,114,0.00,0.00,142.32,'FE','FD','142.32',65,19.00,1698.00,345.00,NULL,112,NULL,18.00,1153.00,229.00,NULL,NULL,NULL,6.00210,26.03510,29.04350,1,24,4),(115,115,0.00,130.76,125.14,'FD','130.76','125.14',53,12.00,1108.00,310.00,NULL,107,NULL,11.00,947.00,219.00,NULL,NULL,NULL,15.01200,18.01710,26.03510,4,15,12),(116,116,0.00,140.78,0.00,'FD','140.78','FE',46,9.00,608.00,157.00,NULL,120,NULL,3.00,627.00,352.00,NULL,NULL,NULL,5.00150,10.00550,10.00550,20,25,20),(117,117,128.65,122.10,0.00,'128.65','122.10','FE',60,13.00,1170.00,228.00,NULL,123,NULL,3.00,394.00,289.00,NULL,NULL,NULL,14.01050,20.02100,8.00360,22,16,10),(118,118,0.00,0.00,0.00,'FD','FD','NULO',43,4.00,229.00,80.00,NULL,119,NULL,1.00,67.00,67.00,NULL,NULL,NULL,0.00000,2.00030,3.00060,27,28,28),(119,119,153.48,0.00,142.88,'153.48','FD','142.88',54,7.00,994.00,298.00,NULL,125,NULL,0.00,0.00,0.00,NULL,NULL,NULL,21.02310,7.00280,0.00000,29,9,23),(120,120,183.05,171.83,163.66,'183.05','171.83','163.66',69,12.00,918.00,237.00,NULL,132,NULL,7.00,437.00,137.00,NULL,NULL,NULL,29.04350,16.01360,19.01900,11,1,14),(121,121,188.07,0.00,158.75,'188.07','FE','158.75',58,14.00,846.00,167.00,NULL,127,NULL,13.00,1013.00,258.00,NULL,NULL,NULL,25.03250,19.01900,28.04060,2,5,11),(122,122,0.00,146.08,0.00,'FE','146.08','FE',70,16.00,1396.00,197.00,NULL,114,NULL,3.00,211.00,100.00,NULL,NULL,NULL,7.00280,23.02760,7.00280,23,23,7),(123,123,0.00,163.87,154.65,'FD','163.87','154.65',56,11.00,1373.00,344.00,NULL,130,NULL,2.00,137.00,93.00,NULL,NULL,NULL,24.03000,17.01530,5.00150,25,6,13),(124,124,153.09,0.00,0.00,'153.09','FD','FE',68,25.00,1580.00,140.00,NULL,111,NULL,12.00,751.00,107.00,NULL,NULL,NULL,8.00360,28.04060,27.03780,3,22,2),(125,125,156.44,0.00,131.00,'156.44','FE','131.00',64,19.00,1715.00,266.00,NULL,109,NULL,6.00,634.00,219.00,NULL,NULL,NULL,19.01900,27.03780,18.01710,12,11,3),(126,126,0.00,148.64,146.38,'FD','148.64','146.38',61,4.00,370.00,136.00,NULL,129,NULL,4.00,296.00,129.00,NULL,NULL,NULL,20.02100,3.00060,9.00450,21,10,27),(127,127,145.43,0.00,118.69,'145.43','FE','118.69',59,34.00,2258.00,138.00,NULL,124,NULL,12.00,653.00,93.00,NULL,NULL,NULL,17.01530,29.04350,24.03000,6,13,1),(128,128,109.66,0.00,0.00,'109.66','FD','FD',132,10.00,396.00,93.00,NULL,45,NULL,4.00,210.00,80.00,NULL,NULL,NULL,1.00010,5.00150,3.00060,3,5,1),(129,129,88.48,82.16,71.02,'88.48','82.16','71.02',131,1.00,131.00,131.00,NULL,46,NULL,2.00,79.00,59.00,NULL,NULL,NULL,5.00150,1.00010,2.00030,4,1,5),(130,130,100.96,0.00,85.05,'100.96','FE','85.05',133,4.00,232.00,110.00,NULL,42,NULL,4.00,419.00,293.00,NULL,NULL,NULL,4.00100,2.00030,4.00100,2,2,4),(131,131,0.00,0.00,124.67,'FD','FE','124.67',129,6.00,468.00,142.00,NULL,43,NULL,7.00,454.00,136.00,NULL,NULL,NULL,2.00030,3.00060,5.00150,1,4,3),(132,132,0.00,86.00,79.98,'ARR','86.00','79.98',130,8.00,405.00,102.00,NULL,44,NULL,0.00,0.00,0.00,NULL,NULL,NULL,3.00060,4.00100,0.00000,5,3,2),(133,133,0.00,0.00,0.00,'NL','NL','NL',128,NULL,NULL,NULL,NULL,41,NULL,NULL,NULL,NULL,NULL,NULL,NULL,0.00000,0.00000,0.00000,5,38,5),(134,134,0.00,40.31,58.43,'FD','40.31','58.43',NULL,NULL,NULL,NULL,NULL,NULL,NULL,NULL,NULL,NULL,NULL,NULL,NULL,3.00060,0.00000,0.00000,2,3,2),(135,135,41.11,40.29,51.30,'41.11','40.29','51.30',NULL,NULL,NULL,NULL,NULL,NULL,NULL,NULL,NULL,NULL,NULL,NULL,NULL,4.00100,0.00000,0.00000,4,2,4),(137,136,0.00,28.05,0.00,'FE','28.05','FE',NULL,NULL,NULL,NULL,NULL,NULL,NULL,NULL,NULL,NULL,NULL,NULL,NULL,1.00010,0.00000,0.00000,6,5,6),(139,137,21.92,24.86,10.12,'21.92','24.86','10.12',NULL,NULL,NULL,NULL,NULL,NULL,NULL,NULL,NULL,NULL,NULL,NULL,NULL,2.00030,0.00000,0.00000,36,4,36),(140,138,161.22,0.00,149.67,'161.22','FD','149.67',140,10.00,734.00,206.00,NULL,117,NULL,11.00,542.00,89.00,NULL,NULL,NULL,22.02530,13.00910,22.02530,8,8,17),(138,139,49.00,52.23,54.70,'49.00','52.23','54.70',NULL,NULL,NULL,NULL,NULL,NULL,NULL,NULL,NULL,NULL,NULL,NULL,NULL,5.00150,0.00000,0.00000,11,1,11),(136,140,0.00,0.00,0.00,'NL','NL','NL',NULL,NULL,NULL,NULL,NULL,NULL,NULL,NULL,NULL,NULL,NULL,NULL,NULL,0.00000,NULL,NULL,NULL,1,NULL),(141,141,NULL,NULL,NULL,NULL,NULL,NULL,NULL,NULL,NULL,NULL,NULL,NULL,NULL,NULL,NULL,NULL,NULL,NULL,NULL,0.00000,0.00000,0.00000,43,39,43),(146,142,NULL,NULL,NULL,NULL,NULL,NULL,NULL,NULL,NULL,NULL,NULL,NULL,NULL,NULL,NULL,NULL,NULL,NULL,NULL,0.00000,0.00000,0.00000,25,6,25),(143,143,NULL,NULL,NULL,NULL,NULL,NULL,NULL,NULL,NULL,NULL,NULL,NULL,NULL,NULL,NULL,NULL,NULL,NULL,NULL,0.00000,0.00000,0.00000,17,6,17),(145,144,NULL,NULL,NULL,NULL,NULL,NULL,NULL,NULL,NULL,NULL,NULL,NULL,NULL,NULL,NULL,NULL,NULL,NULL,NULL,0.00000,0.00000,0.00000,11,2,11),(142,145,NULL,NULL,NULL,NULL,NULL,NULL,NULL,NULL,NULL,NULL,NULL,NULL,NULL,NULL,NULL,NULL,NULL,NULL,NULL,0.00000,0.00000,0.00000,23,10,23),(144,146,NULL,NULL,NULL,NULL,NULL,NULL,NULL,NULL,NULL,NULL,NULL,NULL,NULL,NULL,NULL,NULL,NULL,NULL,NULL,0.00000,0.00000,0.00000,30,14,30),(147,147,NULL,NULL,NULL,NULL,NULL,NULL,NULL,NULL,NULL,NULL,NULL,NULL,NULL,NULL,NULL,NULL,NULL,NULL,NULL,0.00000,0.00000,0.00000,1,9,1),(148,148,NULL,NULL,NULL,NULL,NULL,NULL,NULL,NULL,NULL,NULL,NULL,NULL,NULL,NULL,NULL,NULL,NULL,NULL,NULL,NULL,NULL,NULL,NULL,NULL,NULL);
/*!40000 ALTER TABLE `Participantes` ENABLE KEYS */;
UNLOCK TABLES;

--
-- Table structure for table `ResultadoEquipe`
--

DROP TABLE IF EXISTS `ResultadoEquipe`;
/*!40101 SET @saved_cs_client     = @@character_set_client */;
/*!40101 SET character_set_client = utf8 */;
CREATE TABLE `ResultadoEquipe` (
  `equipe_id` int(11) NOT NULL,
  `categoria` int(11) NOT NULL,
  `pontos` decimal(10,5) DEFAULT NULL,
  PRIMARY KEY (`equipe_id`,`categoria`)
) ENGINE=InnoDB DEFAULT CHARSET=latin1;
/*!40101 SET character_set_client = @saved_cs_client */;

--
-- Dumping data for table `ResultadoEquipe`
--

LOCK TABLES `ResultadoEquipe` WRITE;
/*!40000 ALTER TABLE `ResultadoEquipe` DISABLE KEYS */;
INSERT INTO `ResultadoEquipe` VALUES (1,1,50.04460),(1,2,37.03320),(1,3,60.07210),(1,5,1.00010),(2,0,97.16540),(2,1,41.03550),(2,2,71.09020),(2,3,92.14590),(2,4,0.00000),(3,3,38.05140),(4,0,71.10720),(4,1,51.04780),(4,2,61.06770),(4,3,69.09750),(4,4,10.00230),(5,0,53.06290),(5,1,45.03880),(5,2,43.03660),(5,3,61.08850),(5,4,10.00240),(5,5,NULL),(6,0,101.19590),(6,3,22.01080),(7,0,107.20640),(7,1,53.05200),(7,2,65.07590),(7,3,95.15540),(7,4,7.00160),(7,5,5.00150),(8,0,105.19110),(8,3,88.13520),(9,0,58.06150),(9,1,51.04620),(9,2,46.04100),(9,3,38.03250),(10,0,89.14060),(10,1,7.00180),(10,2,52.05710),(10,3,50.04780),(10,5,3.00060),(11,0,28.01450),(11,1,19.01000),(11,2,29.02810),(11,3,22.02530),(12,0,7.00280),(12,1,20.00930),(12,2,46.04680),(13,0,82.12120),(13,2,68.08310),(13,3,85.12610),(14,0,0.00000),(14,1,0.00000),(14,2,50.05660),(14,3,79.11540),(14,5,4.00100),(15,0,88.14510),(15,1,65.07380),(15,2,61.08070),(15,3,59.09120),(18,0,9.00450),(18,1,9.00450),(18,2,31.03620),(18,3,50.05310),(19,0,100.18330),(19,2,71.09060),(19,3,52.05850),(19,5,2.00030),(20,0,76.10750),(21,0,0.00000);
/*!40000 ALTER TABLE `ResultadoEquipe` ENABLE KEYS */;
UNLOCK TABLES;
/*!40103 SET TIME_ZONE=@OLD_TIME_ZONE */;

/*!40101 SET SQL_MODE=@OLD_SQL_MODE */;
/*!40014 SET FOREIGN_KEY_CHECKS=@OLD_FOREIGN_KEY_CHECKS */;
/*!40014 SET UNIQUE_CHECKS=@OLD_UNIQUE_CHECKS */;
/*!40101 SET CHARACTER_SET_CLIENT=@OLD_CHARACTER_SET_CLIENT */;
/*!40101 SET CHARACTER_SET_RESULTS=@OLD_CHARACTER_SET_RESULTS */;
/*!40101 SET COLLATION_CONNECTION=@OLD_COLLATION_CONNECTION */;
/*!40111 SET SQL_NOTES=@OLD_SQL_NOTES */;

-- Dump completed on 2019-09-02 20:05:27
